Block ID,Trip ID,VR ID,Bid ID,Status,Facility Sequence,Truck Filter,CPT,Is CPT Truck,Carrier,Subcarrier,CR_ID,Shipper Accounts,Equipment Type,Trailer Id,Estimated Cost,Tender Status,Driver,Vehicle ID,Stop 1,Stop 1 Yard Arrival,Stop 1 Yard Departure,Stop 2,Stop 2 Yard Arrival,Stop 2 Yard Departure,Stop 3,Stop 3 Yard Arrival,Stop 3 Yard Departure,Stop 4,Stop 4 Yard Arrival,Stop 4 Yard Departure,Stop 5,Stop 5 Yard Arrival,Stop 5 Yard Departure,Stop 6,Stop 6 Yard Arrival,Stop 6 Yard Departure,Stop 7,Stop 7 Yard Arrival,Stop 7 Yard Departure,Stop 8,Stop 8 Yard Arrival,Stop 8 Yard Departure,Stop 9,Stop 9 Yard Arrival,Stop 9 Yard Departure,Stop 10,Stop 10 Yard Arrival,Stop 10 Yard Departure,VR Creation Date Time (UTC),VR Cancellation Date Time (UTC),Transit Operator Type,Operator ID,Spot Work
,115HFSDQ4,115HFSDQ4,,PLANNED,XUKP->DWN2->DPR1,AMZL-DWN2-DPR1-ND,11/20/2022 18:00,TRUE,ADULL,,,ATSOutbound,Detached Trailer,,285.00 GBP,APPROVED,,,XUKP,11/20/2022 17:00,11/20/2022 18:30,DWN2,11/20/2022 19:30,11/20/2022 21:00,DPR1,11/20/2022 21:43,,,,,,,,,,,,,,,,,,,,,,,11/11/2022 7:19,,SINGLE_DRIVER,,No
,116S7GTY9,116S7GTY9,,PLANNED,EMA1->DNG2->DBI4,AMZL-DNG2-DBI4-ND,11/21/2022 1:30,FALSE,ADULL,,,ATSOutbound,Detached Trailer,,300.59 GBP,APPROVED,,,EMA1,11/20/2022 18:15,11/20/2022 19:45,DNG2,11/20/2022 20:00,11/20/2022 21:30,DBI4,11/20/2022 23:00,,,,,,,,,,,,,,,,,,,,,,,11/16/2022 13:43,,SINGLE_DRIVER,,No
B-LQB96KJZD,T-115MT3XS3,1139XL5K1,,PLANNED,BRS1->EMA1,,11/20/2022 23:11,FALSE,ADULL,ATSUK,DRIVER_TO_DEPART_SOLO,BobtailMovementAnnotation,Drop Trailer,,18.16 GBP,APPROVED,,,BRS1,11/20/2022 18:44,11/20/2022 19:15,EMA1,11/20/2022 23:09,,,,,,,,,,,,,,,,,,,,,,,,,,11/19/2022 3:09,,SINGLE_DRIVER,ADULL_UK-Bristol_TRAMP1_fb90d642c0,No
B-LQB96KJZD,T-115MT3XS3,1163C81V1,,PLANNED,EMA1->DNR1,AMZL-DNR1-ND,11/21/2022 1:00,TRUE,ADULL,ATSUK,ATS_Round-Trip,ATSOutbound,Drop Trailer,,0,APPROVED,,,EMA1,11/21/2022 0:45,11/21/2022 1:30,DNR1,11/21/2022 5:30,,,,,,,,,,,,,,,,,,,,,,,,,,11/15/2022 11:03,,SINGLE_DRIVER,ADULL_UK-Bristol_TRAMP1_fb90d642c0,No
B-LQB96KJZD,T-115MT3XS3,1168T66S1,,PLANNED,DNR1->LCY2,,11/22/2022 2:31,FALSE,ADULL,ATSUK,ATS_Round-Trip,FleetManagementEquipmentRepositioning,Detached Trailer,,0,APPROVED,,,DNR1,11/21/2022 6:15,11/21/2022 6:46,LCY2,11/22/2022 2:29,,,,,,,,,,,,,,,,,,,,,,,,,,11/19/2022 3:09,,SINGLE_DRIVER,ADULL_UK-Bristol_TRAMP1_fb90d642c0,No
B-LQB96KJZD,T-115MT3XS3,111KYXXDZ,,PLANNED,LCY2->DRM2,AMZL-DRM2-ND,11/22/2022 4:45,FALSE,ADULL,ATSUK,ATS_Round-Trip-DD,ATSOutbound,Double Deck Trailer,,0,APPROVED,,,LCY2,11/22/2022 2:30,11/22/2022 3:15,DRM2,11/22/2022 3:30,,,,,,,,,,,,,,,,,,,,,,,,,,11/15/2022 11:03,,SINGLE_DRIVER,ADULL_UK-Bristol_TRAMP1_fb90d642c0,No
B-LQB96KJZD,T-115MT3XS3,114PTGHS5,,PLANNED,DRM2->LTN4,,11/23/2022 0:46,FALSE,ADULL,ATSUK,ATS_Round-Trip,FleetManagementEquipmentRepositioning,Detached Trailer,,0,APPROVED,,,DRM2,11/22/2022 21:59,11/22/2022 22:30,LTN4,11/23/2022 0:44,,,,,,,,,,,,,,,,,,,,,,,,,,11/19/2022 3:09,,SINGLE_DRIVER,ADULL_UK-Bristol_TRAMP1_fb90d642c0,No
B-LQB96KJZD,T-115MT3XS3,115B4DQFB,,PLANNED,LTN4->DME1,AMZL-DME1-ND,11/23/2022 1:00,TRUE,ADULL,ATSUK,ATS_Round-Trip,ATSOutbound,Drop Trailer,,0,APPROVED,,,LTN4,11/23/2022 0:45,11/23/2022 1:30,DME1,11/23/2022 4:15,,,,,,,,,,,,,,,,,,,,,,,,,,11/15/2022 11:32,,SINGLE_DRIVER,ADULL_UK-Bristol_TRAMP1_fb90d642c0,No
B-LQB96KJZD,T-115MT3XS3,1126PCNH8,,PLANNED,DME1->LPL9,,11/24/2022 2:31,FALSE,ADULL,ATSUK,ATS_Round-Trip,FleetManagementEquipmentRepositioning,Detached Trailer,,0,APPROVED,,,DME1,11/23/2022 5:00,11/23/2022 5:31,LPL9,11/24/2022 2:29,,,,,,,,,,,,,,,,,,,,,,,,,,11/19/2022 3:09,,SINGLE_DRIVER,ADULL_UK-Bristol_TRAMP1_fb90d642c0,No
B-LQB96KJZD,T-115MT3XS3,1112R3T36,,PLANNED,LPL9->DXM5,AMZL-DXM5-ND,11/24/2022 3:30,TRUE,ADULL,ATSUK,ATS_Round-Trip,ATSOutbound,Detached Trailer,,0,APPROVED,,,LPL9,11/24/2022 2:30,11/24/2022 4:00,DXM5,11/24/2022 4:15,,,,,,,,,,,,,,,,,,,,,,,,,,11/15/2022 11:04,,SINGLE_DRIVER,ADULL_UK-Bristol_TRAMP1_fb90d642c0,No
B-LQB96KJZD,T-115MT3XS3,116PQ4W7H,,PLANNED,DXM5->EMA1,,11/25/2022 0:16,FALSE,ADULL,ATSUK,ATS_Round-Trip,FleetManagementEquipmentRepositioning,Detached Trailer,,14.10 GBP,APPROVED,,,DXM5,11/24/2022 20:29,11/24/2022 21:00,EMA1,11/25/2022 0:14,,,,,,,,,,,,,,,,,,,,,,,,,,11/19/2022 3:09,,SINGLE_DRIVER,ADULL_UK-Bristol_TRAMP1_fb90d642c0,No
B-LQB96KJZD,T-115MT3XS3,113X6K3C9,,PLANNED,EMA1->DBS2,AMZL-DBS2-ND,11/25/2022 0:30,TRUE,ADULL,ATSUK,ATS_Round-Trip,ATSOutbound,Drop Trailer,,0,APPROVED,,,EMA1,11/25/2022 0:15,11/25/2022 1:00,DBS2,11/25/2022 4:45,,,,,,,,,,,,,,,,,,,,,,,,,,11/15/2022 11:33,,SINGLE_DRIVER,ADULL_UK-Bristol_TRAMP1_fb90d642c0,No
B-LQB96KJZD,T-115MT3XS3,1155SH4DT,,PLANNED,DBS2->BRS1,,11/25/2022 6:10,FALSE,ADULL,ATSUK,ATS_Round-Trip,FleetManagementEquipmentRepositioning,Detached Trailer,,0,APPROVED,,,DBS2,11/25/2022 5:30,11/25/2022 6:01,BRS1,11/25/2022 6:08,,,,,,,,,,,,,,,,,,,,,,,,,,11/19/2022 3:09,,SINGLE_DRIVER,ADULL_UK-Bristol_TRAMP1_fb90d642c0,No
,115MQM43G,115MQM43G,,PLANNED,XUKO->DNG1->DPE2,AMZL-DNG1-DPE2-ND,11/20/2022 22:30,FALSE,ADULL,,,ATSOutbound,Detached Trailer,,350.00 GBP,APPROVED,,,XUKO,11/20/2022 19:30,11/20/2022 21:00,DNG1,11/20/2022 21:45,11/20/2022 23:15,DPE2,11/21/2022 0:31,,,,,,,,,,,,,,,,,,,,,,,11/11/2022 7:19,,SINGLE_DRIVER,,No
B-T60C250F7,T-1136W6L5N,11524LW3Q,,PLANNED,SHRT-BRS1-1->LBA2,,11/21/2022 0:22,FALSE,ADULL,ATSUK,ATS_Round-Trip,FleetManagementEquipmentRepositioning,Drop Trailer,,0,APPROVED,,,SHRT-BRS1-1,11/20/2022 19:30,11/20/2022 20:01,LBA2,11/21/2022 0:20,,,,,,,,,,,,,,,,,,,,,,,,,,11/19/2022 3:08,,SINGLE_DRIVER,ADULL_UK-Bristol_TRAMP1_9e8b787ca1,No
B-T60C250F7,T-1136W6L5N,1151ZXC32,,PLANNED,LBA2->DWR1,AMZL-DWR1-ND,11/21/2022 1:30,TRUE,ADULL,ATSUK,ATS_Round-Trip,ATSOutbound,Drop Trailer,ATSUK-VS449169,0,APPROVED,,,LBA2,11/21/2022 1:15,11/21/2022 2:00,DWR1,11/21/2022 4:45,,,,,,,,,,,,,,,,,,,,,,,,,,11/15/2022 11:04,,SINGLE_DRIVER,ADULL_UK-Bristol_TRAMP1_9e8b787ca1,No
B-T60C250F7,T-1136W6L5N,111PDDSBK,,PLANNED,DWR1->BHX2,,11/21/2022 20:31,FALSE,ADULL,ATSUK,ATS_Round-Trip,FleetManagementEquipmentRepositioning,Detached Trailer,,0,APPROVED,,,DWR1,11/21/2022 5:30,11/21/2022 6:01,BHX2,11/21/2022 20:29,,,,,,,,,,,,,,,,,,,,,,,,,,11/19/2022 3:08,,SINGLE_DRIVER,ADULL_UK-Bristol_TRAMP1_9e8b787ca1,No
B-T60C250F7,T-1136W6L5N,11448W9W9,,PLANNED,BHX2->DEX2,AMZL-DEX2-ND,11/21/2022 22:00,FALSE,ADULL,ATSUK,ATS_Round-Trip,ATSOutbound,Drop Trailer,,0,APPROVED,,,BHX2,11/21/2022 20:30,11/21/2022 21:15,DEX2,11/22/2022 1:15,,,,,,,,,,,,,,,,,,,,,,,,,,11/15/2022 11:33,,SINGLE_DRIVER,ADULL_UK-Bristol_TRAMP1_9e8b787ca1,No
B-T60C250F7,T-1136W6L5N,112FMBXWJ,,PLANNED,DEX2->BRS2,,11/22/2022 23:59,FALSE,ADULL,ATSUK,ATS_Round-Trip,TransfersCarts,Detached Trailer,,0,APPROVED,,,DEX2,11/22/2022 14:00,11/22/2022 15:15,BRS2,11/22/2022 18:39,,,,,,,,,,,,,,,,,,,,,,,,,,11/14/2022 20:32,,SINGLE_DRIVER,ADULL_UK-Bristol_TRAMP1_9e8b787ca1,No
B-T60C250F7,T-1136W6L5N,112MN16VK,,PLANNED,BRS2->MAN8,LH-MAN8,11/22/2022 20:30,TRUE,ADULL,ATSUK,ATS_Round-Trip,ATSOutbound,Drop Trailer,,0,APPROVED,,,BRS2,11/22/2022 20:15,11/22/2022 21:00,MAN8,11/23/2022 1:00,,,,,,,,,,,,,,,,,,,,,,,,,,11/15/2022 11:33,,SINGLE_DRIVER,ADULL_UK-Bristol_TRAMP1_9e8b787ca1,No
B-T60C250F7,T-1136W6L5N,112VQXWRQ,,PLANNED,MAN8->XLP1,,11/23/2022 15:16,FALSE,ADULL,ATSUK,ATS_Round-Trip,FleetManagementEquipmentRepositioning,Drop Trailer,,0,APPROVED,,,MAN8,11/23/2022 1:15,11/23/2022 1:46,XLP1,11/23/2022 15:14,,,,,,,,,,,,,,,,,,,,,,,,,,11/19/2022 3:08,,SINGLE_DRIVER,ADULL_UK-Bristol_TRAMP1_9e8b787ca1,No
B-T60C250F7,T-1136W6L5N,113892DC4,,PLANNED,XLP1->SBS2,LH-SBS2,11/23/2022 16:00,TRUE,ADULL,ATSUK,ATS_Round-Trip,ATSOutbound,Detached Trailer,,0,APPROVED,,,XLP1,11/23/2022 15:15,11/23/2022 16:30,SBS2,11/23/2022 20:30,,,,,,,,,,,,,,,,,,,,,,,,,,11/15/2022 11:34,,SINGLE_DRIVER,ADULL_UK-Bristol_TRAMP1_9e8b787ca1,No
B-T60C250F7,T-1136W6L5N,112W3Q1SJ,,PLANNED,SBS2->BRS1,,11/23/2022 22:18,FALSE,ADULL,ATSUK,ATS_Round-Trip,FleetManagementEquipmentRepositioning,Detached Trailer,,0,APPROVED,,,SBS2,11/23/2022 21:30,11/23/2022 22:01,BRS1,11/23/2022 22:16,,,,,,,,,,,,,,,,,,,,,,,,,,11/19/2022 3:08,,SINGLE_DRIVER,ADULL_UK-Bristol_TRAMP1_9e8b787ca1,No
B-T60C250F7,T-1136W6L5N,114NV9B37,,PLANNED,BRS1->MAN8,LH-MAN8,11/24/2022 12:00,TRUE,ADULL,ATSUK,ATS_Round-Trip,ATSOutbound,Drop Trailer,,0,APPROVED,,,BRS1,11/24/2022 11:45,11/24/2022 12:30,MAN8,11/24/2022 16:30,,,,,,,,,,,,,,,,,,,,,,,,,,11/15/2022 12:03,,SINGLE_DRIVER,ADULL_UK-Bristol_TRAMP1_9e8b787ca1,No
B-T60C250F7,T-1136W6L5N,113K3GNP5,,PLANNED,MAN8->DLU2,AMZL-DLU2-ND,11/25/2022 0:15,FALSE,ADULL,ATSUK,ATS_Round-Trip,ATSOutbound,Drop Trailer,,0,APPROVED,,,MAN8,11/24/2022 16:45,11/24/2022 17:30,DLU2,11/24/2022 21:15,,,,,,,,,,,,,,,,,,,,,,,,,,11/17/2022 9:02,,SINGLE_DRIVER,ADULL_UK-Bristol_TRAMP1_9e8b787ca1,No
B-T60C250F7,T-1136W6L5N,115GBZ3P2,,PLANNED,DLU2->LTN4,,11/25/2022 11:46,FALSE,ADULL,ATSUK,ATS_Round-Trip,FleetManagementEquipmentRepositioning,Detached Trailer,,0,APPROVED,,,DLU2,11/24/2022 22:00,11/24/2022 22:31,LTN4,11/25/2022 11:44,,,,,,,,,,,,,,,,,,,,,,,,,,11/19/2022 3:08,,SINGLE_DRIVER,ADULL_UK-Bristol_TRAMP1_9e8b787ca1,No
B-T60C250F7,T-1136W6L5N,1127T8PL2,,PLANNED,LTN4->SBS2,LH-SBS2,11/25/2022 12:00,TRUE,ADULL,ATSUK,ATS_Round-Trip,ATSOutbound,Drop Trailer,,0,APPROVED,,,LTN4,11/25/2022 11:45,11/25/2022 12:30,SBS2,11/25/2022 16:45,,,,,,,,,,,,,,,,,,,,,,,,,,11/15/2022 11:32,,SINGLE_DRIVER,ADULL_UK-Bristol_TRAMP1_9e8b787ca1,No
B-T60C250F7,T-1136W6L5N,112HZG869,,PLANNED,SBS2->SHRT-BRS1-1,,11/25/2022 19:04,FALSE,ADULL,ATSUK,ATS_Round-Trip,FleetManagementEquipmentRepositioning,Detached Trailer,,0,APPROVED,,,SBS2,11/25/2022 17:45,11/25/2022 18:16,SHRT-BRS1-1,11/25/2022 19:02,,,,,,,,,,,,,,,,,,,,,,,,,,11/19/2022 3:08,,SINGLE_DRIVER,ADULL_UK-Bristol_TRAMP1_9e8b787ca1,No
,113X54715,113X54715,,PLANNED,BHX7->DNG1->DST1,AMZL-DNG1-DST1-ND,11/20/2022 21:00,TRUE,ADULL,,,ATSOutbound,Detached Trailer,,300.00 GBP,APPROVED,,,BHX7,11/20/2022 20:00,11/20/2022 21:30,DNG1,11/20/2022 22:15,11/20/2022 23:45,DST1,11/21/2022 1:15,,,,,,,,,,,,,,,,,,,,,,,11/11/2022 7:18,,SINGLE_DRIVER,,No
,111QNZ6FP,111QNZ6FP,,PLANNED,XUKO->DNG1->DPE2,AMZL-DNG1-DPE2-ND,11/20/2022 22:30,TRUE,ADULL,,,ATSOutbound,Detached Trailer,,350.00 GBP,APPROVED,,,XUKO,11/20/2022 21:30,11/20/2022 23:00,DNG1,11/20/2022 23:45,11/21/2022 1:15,DPE2,11/21/2022 2:31,,,,,,,,,,,,,,,,,,,,,,,11/11/2022 7:19,,SINGLE_DRIVER,,No
B-5H6K124JH,T-1139WWDW5,114VCQ28P,,PLANNED,SHRT-BRS1-1->BRS1,,11/20/2022 23:50,FALSE,ADULL,ATSUK,ATS_Round-Trip,FleetManagementEquipmentRepositioning,Drop Trailer,,0,APPROVED,,,SHRT-BRS1-1,11/20/2022 22:44,11/20/2022 23:15,BRS1,11/20/2022 23:48,,,,,,,,,,,,,,,,,,,,,,,,,,11/19/2022 3:07,,SINGLE_DRIVER,ADULL_UK-Bristol_TRAMP1_a08a44d3d0,No
B-5H6K124JH,T-1139WWDW5,113NZFJ3N,,PLANNED,BRS1->DXM2,AMZL-DXM2-ND,11/21/2022 1:00,TRUE,ADULL,ATSUK,ATS_Round-Trip,ATSOutbound,Drop Trailer,,0,APPROVED,,,BRS1,11/21/2022 0:45,11/21/2022 1:30,DXM2,11/21/2022 5:15,,,,,,,,,,,,,,,,,,,,,,,,,,11/15/2022 11:33,,SINGLE_DRIVER,ADULL_UK-Bristol_TRAMP1_a08a44d3d0,No
B-5H6K124JH,T-1139WWDW5,111RS6R34,,PLANNED,DXM2->MAN8,,11/21/2022 7:18,FALSE,ADULL,ATSUK,ATS_Round-Trip,FleetManagementEquipmentRepositioning,Detached Trailer,,0,APPROVED,,,DXM2,11/21/2022 6:00,11/21/2022 6:31,MAN8,11/21/2022 7:16,,,,,,,,,,,,,,,,,,,,,,,,,,11/19/2022 3:07,,SINGLE_DRIVER,ADULL_UK-Bristol_TRAMP1_a08a44d3d0,No
B-5H6K124JH,T-1139WWDW5,112BRQKQN,,PLANNED,MAN8->DSA1,AMZL-DSA1-ND,11/21/2022 23:45,FALSE,ADULL,ATSUK,ATS_Round-Trip,ATSOutbound,Drop Trailer,,0,APPROVED,,,MAN8,11/21/2022 20:00,11/21/2022 20:45,DSA1,11/22/2022 3:15,,,,,,,,,,,,,,,,,,,,,,,,,,11/15/2022 11:04,,SINGLE_DRIVER,ADULL_UK-Bristol_TRAMP1_a08a44d3d0,No
B-5H6K124JH,T-1139WWDW5,113KSR58B,,PLANNED,DSA1->BRS1,,11/22/2022 23:59,FALSE,ADULL,ATSUK,ATS_Round-Trip,TransfersCarts,Detached Trailer,,0,APPROVED,,,DSA1,11/22/2022 16:00,11/22/2022 17:15,BRS1,11/22/2022 19:00,,,,,,,,,,,,,,,,,,,,,,,,,,11/14/2022 20:32,,SINGLE_DRIVER,ADULL_UK-Bristol_TRAMP1_a08a44d3d0,No
B-5H6K124JH,T-1139WWDW5,1158YMCXQ,,PLANNED,BRS1->MAN8,LH-MAN8,11/22/2022 20:00,TRUE,ADULL,ATSUK,ATS_Round-Trip,ATSOutbound,Drop Trailer,,0,APPROVED,,,BRS1,11/22/2022 19:45,11/22/2022 20:30,MAN8,11/23/2022 0:30,,,,,,,,,,,,,,,,,,,,,,,,,,11/15/2022 11:34,,SINGLE_DRIVER,ADULL_UK-Bristol_TRAMP1_a08a44d3d0,No
B-5H6K124JH,T-1139WWDW5,112XQYJ6C,,PLANNED,MAN8->EMA2,,11/23/2022 16:46,FALSE,ADULL,ATSUK,ATS_Round-Trip,FleetManagementEquipmentRepositioning,Drop Trailer,,0,APPROVED,,,MAN8,11/23/2022 0:45,11/23/2022 1:16,EMA2,11/23/2022 16:44,,,,,,,,,,,,,,,,,,,,,,,,,,11/19/2022 3:07,,SINGLE_DRIVER,ADULL_UK-Bristol_TRAMP1_a08a44d3d0,No
B-5H6K124JH,T-1139WWDW5,111WY9Y3S,,PLANNED,EMA2->LCY8,LH-LCY8,11/23/2022 17:00,TRUE,ADULL,ATSUK,ATS_Round-Trip,ATSOutbound,Drop Trailer,,0,APPROVED,,,EMA2,11/23/2022 16:45,11/23/2022 17:30,LCY8,11/23/2022 21:45,,,,,,,,,,,,,,,,,,,,,,,,,,11/15/2022 12:03,,SINGLE_DRIVER,ADULL_UK-Bristol_TRAMP1_a08a44d3d0,No
B-5H6K124JH,T-1139WWDW5,113SCKBBP,,PLANNED,LCY8->BHX8,LH-BHX8,11/24/2022 20:30,FALSE,ADULL,ATSUK,ATS_Round-Trip,ATSOutbound,Drop Trailer,,0,APPROVED,,,LCY8,11/24/2022 10:30,11/24/2022 11:10,BHX8,11/24/2022 15:25,,,,,,,,,,,,,,,,,,,,,,,,,,11/15/2022 11:32,,SINGLE_DRIVER,ADULL_UK-Bristol_TRAMP1_a08a44d3d0,No
B-5H6K124JH,T-1139WWDW5,1147KB2D3,,PLANNED,BHX8->DNN1,AMZL-DNN1-ND,11/25/2022 4:15,FALSE,ADULL,ATSUK,ATS_Round-Trip,ATSOutbound,Drop Trailer,,0,APPROVED,,,BHX8,11/24/2022 15:40,11/24/2022 16:25,DNN1,11/24/2022 17:55,,,,,,,,,,,,,,,,,,,,,,,,,,11/15/2022 11:03,,SINGLE_DRIVER,ADULL_UK-Bristol_TRAMP1_a08a44d3d0,No
B-5H6K124JH,T-1139WWDW5,116D498B8,,PLANNED,DNN1->BHX5,,11/24/2022 23:59,FALSE,ADULL,ATSUK,ATS_Round-Trip,TransfersCarts,Detached Trailer,,0,APPROVED,,,DNN1,11/24/2022 19:00,11/24/2022 20:15,BHX5,11/24/2022 21:00,,,,,,,,,,,,,,,,,,,,,,,,,,11/14/2022 20:32,,SINGLE_DRIVER,ADULL_UK-Bristol_TRAMP1_a08a44d3d0,No
B-5H6K124JH,T-1139WWDW5,115DJFGP2,,PLANNED,BHX5->LBA4,,11/25/2022 15:01,FALSE,ADULL,ATSUK,ATS_Round-Trip,FleetManagementEquipmentRepositioning,Drop Trailer,,0,APPROVED,,,BHX5,11/24/2022 21:15,11/24/2022 21:46,LBA4,11/25/2022 14:59,,,,,,,,,,,,,,,,,,,,,,,,,,11/19/2022 3:07,,SINGLE_DRIVER,ADULL_UK-Bristol_TRAMP1_a08a44d3d0,No
B-5H6K124JH,T-1139WWDW5,1164292SF,,PLANNED,LBA4->BRS1,BRS1,11/27/2022 3:30,FALSE,ADULL,ATSUK,ATS_Round-Trip,TransfersInitialPlacement,Drop Trailer,,0,APPROVED,,,LBA4,11/25/2022 15:00,11/25/2022 15:45,BRS1,11/25/2022 20:15,,,,,,,,,,,,,,,,,,,,,,,,,,11/15/2022 8:02,,SINGLE_DRIVER,ADULL_UK-Bristol_TRAMP1_a08a44d3d0,No
B-5H6K124JH,T-1139WWDW5,115YZTXNJ,,PLANNED,BRS1->SHRT-BRS1-1,,11/25/2022 21:43,FALSE,ADULL,ATSUK,ATS_Round-Trip,FleetManagementEquipmentRepositioning,Drop Trailer,,0,APPROVED,,,BRS1,11/25/2022 20:30,11/25/2022 21:01,SHRT-BRS1-1,11/25/2022 21:41,,,,,,,,,,,,,,,,,,,,,,,,,,11/19/2022 3:07,,SINGLE_DRIVER,ADULL_UK-Bristol_TRAMP1_a08a44d3d0,No
,1111L9L9T,1111L9L9T,,PLANNED,EMA1->DNG2->DBI4,AMZL-DNG2-DBI4-ND,11/21/2022 1:30,TRUE,ADULL,,,ATSOutbound,Detached Trailer,,300.59 GBP,APPROVED,,,EMA1,11/21/2022 0:30,11/21/2022 2:00,DNG2,11/21/2022 2:15,11/21/2022 3:45,DBI4,11/21/2022 5:15,,,,,,,,,,,,,,,,,,,,,,,11/16/2022 13:42,,SINGLE_DRIVER,,No
,113J94J5V,113J94J5V,,PLANNED,BHX7->DXM4,AMZL-DXM4-ND,11/21/2022 1:30,TRUE,ADULL,,,ATSOutbound,Drop Trailer,,335.00 GBP,APPROVED,,,BHX7,11/21/2022 1:00,11/21/2022 2:00,DXM4,11/21/2022 4:45,,,,,,,,,,,,,,,,,,,,,,,,,,11/15/2022 11:32,,SINGLE_DRIVER,,No
,1165WXQWN,1165WXQWN,,PLANNED,BHX7->DPR1,AMZL-DPR1-ND,11/21/2022 1:30,TRUE,ADULL,,,ATSOutbound,Detached Trailer,,350.00 GBP,APPROVED,,,BHX7,11/21/2022 1:00,11/21/2022 2:00,DPR1,11/21/2022 5:15,,,,,,,,,,,,,,,,,,,,,,,,,,11/15/2022 12:02,,SINGLE_DRIVER,,No
B-BJCTCM6W9,T-11333GV3Q,1117NQ9N4,,PLANNED,BHX1->LBA4,,11/21/2022 4:13,FALSE,ADULL,ATSUK,ATS_Round-Trip,FleetManagementEquipmentRepositioning,Drop Trailer,,0,APPROVED,,,BHX1,11/21/2022 1:30,11/21/2022 2:01,LBA4,11/21/2022 4:11,,,,,,,,,,,,,,,,,,,,,,,,,,11/20/2022 3:02,,SINGLE_DRIVER,ADULL_UK-Birmingham_3_TRAMP1_1001,No
B-BJCTCM6W9,T-11333GV3Q,114NC8GP1,,PLANNED,LBA4->LCY3,,11/21/2022 22:00,FALSE,ADULL,ATSUK,ATS_Round-Trip,TransfersInitialPlacement,Drop Trailer,,0,APPROVED,,,LBA4,11/21/2022 4:12,11/21/2022 4:57,LCY3,11/21/2022 10:12,,,,,,,,,,,,,,,,,,,,,,,,,,11/17/2022 19:32,,SINGLE_DRIVER,ADULL_UK-Birmingham_3_TRAMP1_1001,No
B-BJCTCM6W9,T-11333GV3Q,113M2HQRQ,,PLANNED,LCY3->DBN2,AMZL-DBN2-ND,11/22/2022 3:00,FALSE,ADULL,ATSUK,ATS_Round-Trip,ATSOutbound,Drop Trailer,,0,APPROVED,,,LCY3,11/22/2022 1:30,11/22/2022 2:10,DBN2,11/22/2022 4:10,,,,,,,,,,,,,,,,,,,,,,,,,,11/15/2022 11:03,,SINGLE_DRIVER,ADULL_UK-Birmingham_3_TRAMP1_1001,No
B-BJCTCM6W9,T-11333GV3Q,111XQZRL4,,PLANNED,DBN2->DPO2,,11/22/2022 6:39,FALSE,ADULL,ATSUK,ATS_Round-Trip,FleetManagementEquipmentRepositioning,Detached Trailer,,0,APPROVED,,,DBN2,11/22/2022 4:55,11/22/2022 5:26,DPO2,11/22/2022 6:37,,,,,,,,,,,,,,,,,,,,,,,,,,11/20/2022 3:02,,SINGLE_DRIVER,ADULL_UK-Birmingham_3_TRAMP1_1001,No
B-BJCTCM6W9,T-11333GV3Q,1127B6WYV,,PLANNED,DPO2->BHX7,BHX7,11/22/2022 23:59,FALSE,ADULL,ATSUK,ATS_Round-Trip,TransfersUKStandardPallets,Detached Trailer,,0,APPROVED,,,DPO2,11/22/2022 7:00,11/22/2022 8:15,BHX7,11/22/2022 12:19,,,,,,,,,,,,,,,,,,,,,,,,,,11/14/2022 17:01,,SINGLE_DRIVER,ADULL_UK-Birmingham_3_TRAMP1_1001,No
B-BJCTCM6W9,T-11333GV3Q,114NBLGRT,,PLANNED,BHX7->DPE2,,11/23/2022 3:29,FALSE,ADULL,ATSUK,ATS_Round-Trip,FleetManagementEquipmentRepositioning,Detached Trailer,,0,APPROVED,,,BHX7,11/22/2022 13:19,11/22/2022 13:50,DPE2,11/23/2022 3:27,,,,,,,,,,,,,,,,,,,,,,,,,,11/20/2022 3:02,,SINGLE_DRIVER,ADULL_UK-Birmingham_3_TRAMP1_1001,No
B-BJCTCM6W9,T-11333GV3Q,1119DPD12,,PLANNED,DPE2->CWL1,,11/23/2022 23:59,FALSE,ADULL,ATSUK,ATS_Round-Trip,TransfersCarts,Detached Trailer,,0,APPROVED,,,DPE2,11/23/2022 3:28,11/23/2022 4:43,CWL1,11/23/2022 11:03,,,,,,,,,,,,,,,,,,,,,,,,,,11/14/2022 20:33,,SINGLE_DRIVER,ADULL_UK-Birmingham_3_TRAMP1_1001,No
B-BJCTCM6W9,T-11333GV3Q,113PXDKLV,,PLANNED,CWL1->MAN2,MAN2,11/24/2022 3:00,TRUE,ADULL,ATSUK,ATS_Round-Trip-DD,ATSWarehouseTransfers,Double Deck Trailer,,0,APPROVED,,,CWL1,11/24/2022 2:45,11/24/2022 3:30,MAN2,11/24/2022 9:45,,,,,,,,,,,,,,,,,,,,,,,,,,11/10/2022 8:01,,SINGLE_DRIVER,ADULL_UK-Birmingham_3_TRAMP1_1001,No
B-BJCTCM6W9,T-11333GV3Q,116QGDWNF,,PLANNED,MAN2->DNE2,AMZL-DNE2-ND,11/24/2022 23:55,FALSE,ADULL,ATSUK,ATS_Round-Trip,ATSOutbound,Drop Trailer,,0,APPROVED,,,MAN2,11/24/2022 22:00,11/24/2022 22:45,DNE2,11/25/2022 3:00,,,,,,,,,,,,,,,,,,,,,,,,,,11/17/2022 9:02,,SINGLE_DRIVER,ADULL_UK-Birmingham_3_TRAMP1_1001,No
B-BJCTCM6W9,T-11333GV3Q,112X7YLPK,,PLANNED,DNE2->MME2,,11/25/2022 4:48,FALSE,ADULL,ATSUK,ATS_Round-Trip,FleetManagementEquipmentRepositioning,Detached Trailer,,0,APPROVED,,,DNE2,11/25/2022 3:45,11/25/2022 4:16,MME2,11/25/2022 4:46,,,,,,,,,,,,,,,,,,,,,,,,,,11/20/2022 3:02,,SINGLE_DRIVER,ADULL_UK-Birmingham_3_TRAMP1_1001,No
B-BJCTCM6W9,T-11333GV3Q,11262ZKFS,,PLANNED,MME2->DWN2,AMZL-DWN2-ND,11/25/2022 18:00,TRUE,ADULL,ATSUK,ATS_Round-Trip,ATSOutbound,Drop Trailer,,0,APPROVED,,,MME2,11/25/2022 17:45,11/25/2022 18:30,DWN2,11/25/2022 22:00,,,,,,,,,,,,,,,,,,,,,,,,,,11/15/2022 11:33,,SINGLE_DRIVER,ADULL_UK-Birmingham_3_TRAMP1_1001,No
B-BJCTCM6W9,T-11333GV3Q,111NN85XT,,PLANNED,DWN2->BHX1,,11/26/2022 1:28,FALSE,ADULL,ATSUK,ATS_Round-Trip,FleetManagementEquipmentRepositioning,Detached Trailer,,0,APPROVED,,,DWN2,11/25/2022 22:45,11/25/2022 23:16,BHX1,11/26/2022 1:26,,,,,,,,,,,,,,,,,,,,,,,,,,11/20/2022 3:02,,SINGLE_DRIVER,ADULL_UK-Birmingham_3_TRAMP1_1001,No
,113FRGH9B,113FRGH9B,,PLANNED,BHX1->DOX2,AMZL-DOX2-ND,11/21/2022 4:15,TRUE,ADULL,,,ATSOutbound,Detached Trailer,,250.00 GBP,APPROVED,,,BHX1,11/21/2022 3:45,11/21/2022 4:45,DOX2,11/21/2022 6:30,,,,,,,,,,,,,,,,,,,,,,,,,,11/15/2022 11:32,,SINGLE_DRIVER,,No
,113NGRXVZ,113NGRXVZ,,PLANNED,XUKP->DPE2,AMZL-DPE2-ND,11/21/2022 11:00,TRUE,ADULL,,,ATSOutbound,Detached Trailer,,275.00 GBP,APPROVED,,,XUKP,11/21/2022 10:30,11/21/2022 11:30,DPE2,11/21/2022 15:30,,,,,,,,,,,,,,,,,,,,,,,,,,11/15/2022 12:02,,SINGLE_DRIVER,,No
B-2TJVG6ZD9,T-116PP9SBC,1129NG2WF,,PLANNED,SHRT-BRS1-1->DEX2,,11/21/2022 16:00,FALSE,ADULL,ATSUK,ATS_Round-Trip,FleetManagementEquipmentRepositioning,Drop Trailer,,0,APPROVED,,,SHRT-BRS1-1,11/21/2022 13:45,11/21/2022 14:16,DEX2,11/21/2022 15:58,,,,,,,,,,,,,,,,,,,,,,,,,,11/20/2022 3:03,,SINGLE_DRIVER,ADULL_UK-Bristol_TRAMP1_8f1f1d2768,No
B-2TJVG6ZD9,T-116PP9SBC,114WHTYGN,,PLANNED,DEX2->EMA1,,11/22/2022 23:59,FALSE,ADULL,ATSUK,ATS_Round-Trip,TransfersCarts,Detached Trailer,,0,APPROVED,,,DEX2,11/22/2022 4:00,11/22/2022 5:15,EMA1,11/22/2022 11:20,,,,,,,,,,,,,,,,,,,,,,,,,,11/14/2022 20:32,,SINGLE_DRIVER,ADULL_UK-Bristol_TRAMP1_8f1f1d2768,No
B-2TJVG6ZD9,T-116PP9SBC,112VHMGN4,,PLANNED,EMA1->DPE2,AMZL-DPE2-SD,11/22/2022 13:00,TRUE,ADULL,ATSUK,ATS_Round-Trip,ATSOutbound,Drop Trailer,,0,APPROVED,,,EMA1,11/22/2022 12:45,11/22/2022 13:30,DPE2,11/22/2022 15:00,,,,,,,,,,,,,,,,,,,,,,,,,,11/15/2022 10:32,,SINGLE_DRIVER,ADULL_UK-Bristol_TRAMP1_8f1f1d2768,No
B-2TJVG6ZD9,T-116PP9SBC,1159YW9K4,,PLANNED,DPE2->MME2,,11/23/2022 23:59,FALSE,ADULL,ATSUK,ATS_Round-Trip,TransfersCarts,Detached Trailer,,0,APPROVED,,,DPE2,11/23/2022 3:45,11/23/2022 5:00,MME2,11/23/2022 10:32,,,,,,,,,,,,,,,,,,,,,,,,,,11/14/2022 20:32,,SINGLE_DRIVER,ADULL_UK-Bristol_TRAMP1_8f1f1d2768,No
B-2TJVG6ZD9,T-116PP9SBC,112SV32ZQ,,PLANNED,MME2->NCL1,,11/23/2022 11:49,FALSE,ADULL,ATSUK,ATS_Round-Trip,FleetManagementEquipmentRepositioning,Drop Trailer,,0,APPROVED,,,MME2,11/23/2022 10:47,11/23/2022 11:18,NCL1,11/23/2022 11:47,,,,,,,,,,,,,,,,,,,,,,,,,,11/20/2022 3:03,,SINGLE_DRIVER,ADULL_UK-Bristol_TRAMP1_8f1f1d2768,No
B-2TJVG6ZD9,T-116PP9SBC,116JGBQ6G,,PLANNED,NCL1->MME2,MME2,11/23/2022 14:00,TRUE,ADULL,ATSUK,ATS_Round-Trip,ATSWarehouseTransfers,Drop Trailer,,0,APPROVED,,,NCL1,11/23/2022 13:45,11/23/2022 14:30,MME2,11/23/2022 15:15,,,,,,,,,,,,,,,,,,,,,,,,,,11/15/2022 8:02,,SINGLE_DRIVER,ADULL_UK-Bristol_TRAMP1_8f1f1d2768,No
B-2TJVG6ZD9,T-116PP9SBC,113F5BJD6,,PLANNED,MME2->DXS1,AMZL-DXS1-ND,11/24/2022 4:00,TRUE,ADULL,ATSUK,ATS_Round-Trip,ATSOutbound,Drop Trailer,,0,APPROVED,,,MME2,11/24/2022 3:45,11/24/2022 4:30,DXS1,11/24/2022 6:45,,,,,,,,,,,,,,,,,,,,,,,,,,11/15/2022 11:04,,SINGLE_DRIVER,ADULL_UK-Bristol_TRAMP1_8f1f1d2768,No
B-2TJVG6ZD9,T-116PP9SBC,1152X93YX,,PLANNED,DXS1->EMA2,,11/24/2022 9:18,FALSE,ADULL,ATSUK,ATS_Round-Trip,FleetManagementEquipmentRepositioning,Detached Trailer,,0,APPROVED,,,DXS1,11/24/2022 7:30,11/24/2022 8:01,EMA2,11/24/2022 9:16,,,,,,,,,,,,,,,,,,,,,,,,,,11/20/2022 3:03,,SINGLE_DRIVER,ADULL_UK-Bristol_TRAMP1_8f1f1d2768,No
B-2TJVG6ZD9,T-116PP9SBC,1153BYL8P,,PLANNED,EMA2->MAN2,MAN2,11/24/2022 11:00,TRUE,ADULL,ATSUK,ATS_Round-Trip,ATSWarehouseTransfers,Drop Trailer,,0,APPROVED,,,EMA2,11/24/2022 10:45,11/24/2022 11:30,MAN2,11/24/2022 14:15,,,,,,,,,,,,,,,,,,,,,,,,,,11/15/2022 8:02,,SINGLE_DRIVER,ADULL_UK-Bristol_TRAMP1_8f1f1d2768,No
B-2TJVG6ZD9,T-116PP9SBC,11334KNK7,,PLANNED,MAN2->LCY8,LH-LCY8,11/25/2022 3:00,TRUE,ADULL,ATSUK,ATS_Round-Trip,ATSOutbound,Drop Trailer,,0,APPROVED,,,MAN2,11/25/2022 2:45,11/25/2022 3:30,LCY8,11/25/2022 11:15,,,,,,,,,,,,,,,,,,,,,,,,,,11/15/2022 12:03,,SINGLE_DRIVER,ADULL_UK-Bristol_TRAMP1_8f1f1d2768,No
B-2TJVG6ZD9,T-116PP9SBC,111K62C1T,,PLANNED,LCY8->DXW2,AMZL-DXW2-ND,11/26/2022 4:45,FALSE,ADULL,ATSUK,ATS_Round-Trip,ATSOutbound,Drop Trailer,,0,APPROVED,,,LCY8,11/26/2022 0:30,11/26/2022 1:10,DXW2,11/26/2022 2:40,,,,,,,,,,,,,,,,,,,,,,,,,,11/15/2022 11:32,,SINGLE_DRIVER,ADULL_UK-Bristol_TRAMP1_8f1f1d2768,No
B-2TJVG6ZD9,T-116PP9SBC,114NFBYP8,,PLANNED,DXW2->SHRT-BRS1-1,,11/26/2022 12:03,FALSE,ADULL,ATSUK,ATS_Round-Trip,FleetManagementEquipmentRepositioning,Detached Trailer,,0,APPROVED,,,DXW2,11/26/2022 9:00,11/26/2022 9:31,SHRT-BRS1-1,11/26/2022 12:01,,,,,,,,,,,,,,,,,,,,,,,,,,11/20/2022 3:03,,SINGLE_DRIVER,ADULL_UK-Bristol_TRAMP1_8f1f1d2768,No
,1142N15VM,1142N15VM,,PLANNED,XUKP->DWN2->DPR1,AMZL-DWN2-DPR1-ND,11/21/2022 18:00,TRUE,ADULL,,,ATSOutbound,Detached Trailer,,306.56 GBP,APPROVED,,,XUKP,11/21/2022 17:00,11/21/2022 18:30,DWN2,11/21/2022 19:30,11/21/2022 21:00,DPR1,11/21/2022 21:43,,,,,,,,,,,,,,,,,,,,,,,11/16/2022 13:42,,SINGLE_DRIVER,,No
,114TYK7B9,114TYK7B9,,PLANNED,DBH3->DPO2->DSO2->DRG2->STN8,RELO-STN8,11/21/2022 18:00,TRUE,ADULL,,Do Not Cancel Boomerang Project,ATSReturns,Detached Trailer,,638.33 GBP,APPROVED,,,DBH3,11/21/2022 17:00,11/21/2022 18:30,DPO2,11/21/2022 19:45,11/21/2022 21:15,DSO2,11/21/2022 22:15,11/21/2022 23:45,DRG2,11/22/2022 1:15,11/22/2022 2:45,STN8,11/22/2022 11:30,,,,,,,,,,,,,,,,,11/16/2022 16:55,,SINGLE_DRIVER,,No
,116137K69,116137K69,,PLANNED,XUKO->DNG1->DPE2,AMZL-DNG1-DPE2-ND,11/21/2022 22:30,FALSE,ADULL,,,ATSOutbound,Detached Trailer,,364.69 GBP,APPROVED,,,XUKO,11/21/2022 19:00,11/21/2022 20:30,DNG1,11/21/2022 21:15,11/21/2022 22:45,DPE2,11/22/2022 0:08,,,,,,,,,,,,,,,,,,,,,,,11/16/2022 13:43,,SINGLE_DRIVER,,No
B-DJBN6GBCK,T-113D5ZFJZ,114D147WZ,,PLANNED,BRS1->LPL9,,11/22/2022 1:28,FALSE,ADULL,ATSUK,ATS_Round-Trip,FleetManagementEquipmentRepositioning,Drop Trailer,,0,APPROVED,,,BRS1,11/21/2022 19:29,11/21/2022 20:00,LPL9,11/22/2022 1:26,,,,,,,,,,,,,,,,,,,,,,,,,,11/20/2022 3:04,,SINGLE_DRIVER,ADULL_UK-Bristol_TRAMP1_08eb1e2d20,No
B-DJBN6GBCK,T-113D5ZFJZ,113F6X8V9,,PLANNED,LPL9->SXW2,LH-SXW2,11/22/2022 18:45,FALSE,ADULL,ATSUK,ATS_Round-Trip,ATSOutbound,Detached Trailer,,0,APPROVED,,,LPL9,11/22/2022 13:45,11/22/2022 15:15,SXW2,11/22/2022 20:30,,,,,,,,,,,,,,,,,,,,,,,,,,11/15/2022 11:32,,SINGLE_DRIVER,ADULL_UK-Bristol_TRAMP1_08eb1e2d20,No
B-DJBN6GBCK,T-113D5ZFJZ,116H2TM14,,PLANNED,SXW2->LPL2,,11/23/2022 16:46,FALSE,ADULL,ATSUK,ATS_Round-Trip,FleetManagementEquipmentRepositioning,Drop Trailer,,0,APPROVED,,,SXW2,11/22/2022 20:40,11/22/2022 21:11,LPL2,11/23/2022 16:44,,,,,,,,,,,,,,,,,,,,,,,,,,11/20/2022 3:04,,SINGLE_DRIVER,ADULL_UK-Bristol_TRAMP1_08eb1e2d20,No
B-DJBN6GBCK,T-113D5ZFJZ,1132MF6XW,,PLANNED,LPL2->SEH1,LH-SEH1,11/23/2022 17:00,TRUE,ADULL,ATSUK,ATS_Round-Trip,ATSOutbound,Drop Trailer,,0,APPROVED,,,LPL2,11/23/2022 16:45,11/23/2022 17:30,SEH1,11/23/2022 23:51,,,,,,,,,,,,,,,,,,,,,,,,,,11/15/2022 11:33,,SINGLE_DRIVER,ADULL_UK-Bristol_TRAMP1_08eb1e2d20,No
B-DJBN6GBCK,T-113D5ZFJZ,114DDQM8F,,PLANNED,SEH1->BRS1,,11/24/2022 20:51,FALSE,ADULL,ATSUK,ATS_Round-Trip,FleetManagementEquipmentRepositioning,Detached Trailer,,0,APPROVED,,,SEH1,11/24/2022 0:51,11/24/2022 1:22,BRS1,11/24/2022 20:49,,,,,,,,,,,,,,,,,,,,,,,,,,11/20/2022 3:04,,SINGLE_DRIVER,ADULL_UK-Bristol_TRAMP1_08eb1e2d20,No
,1135MBV8F,1135MBV8F,,PLANNED,BHX7->DNG1->DST1,AMZL-DNG1-DST1-ND,11/21/2022 21:00,TRUE,ADULL,,,ATSOutbound,Detached Trailer,,314.92 GBP,APPROVED,,,BHX7,11/21/2022 20:00,11/21/2022 21:30,DNG1,11/21/2022 22:15,11/21/2022 23:45,DST1,11/22/2022 1:15,,,,,,,,,,,,,,,,,,,,,,,11/16/2022 13:42,,SINGLE_DRIVER,,No
B-QBSH2TPQL,T-112PTXCXS,116KLTKG5,,PLANNED,BHX1->LBA9,LH-LBA9,11/21/2022 21:00,TRUE,ADULL,ATSUK,ATS_Round-Trip,ATSOutbound,Drop Trailer,,0,APPROVED,,,BHX1,11/21/2022 20:45,11/21/2022 21:30,LBA9,11/22/2022 0:00,,,,,,,,,,,,,,,,,,,,,,,,,,11/15/2022 12:03,,SINGLE_DRIVER,ADULL_UK-Birmingham_3_SOLO4_1000,No
B-QBSH2TPQL,T-112PTXCXS,115ZZVJV2,,PLANNED,LBA9->DSA6,,11/22/2022 1:02,FALSE,ADULL,ATSUK,ATS_Round-Trip,FleetManagementEquipmentRepositioning,Drop Trailer,,0,APPROVED,,,LBA9,11/22/2022 0:10,11/22/2022 0:41,DSA6,11/22/2022 1:00,,,,,,,,,,,,,,,,,,,,,,,,,,11/20/2022 3:02,,SINGLE_DRIVER,ADULL_UK-Birmingham_3_SOLO4_1000,No
B-QBSH2TPQL,T-112PTXCXS,1119CL4J4,,PLANNED,DSA6->DNG1,AMZL-DNG1-ND,11/22/2022 1:30,TRUE,ADULL,ATSUK,ATS_Round-Trip,ATSOutbound,Drop Trailer,,0,APPROVED,,,DSA6,11/22/2022 1:15,11/22/2022 2:00,DNG1,11/22/2022 4:30,,,,,,,,,,,,,,,,,,,,,,,,,,11/15/2022 11:33,,SINGLE_DRIVER,ADULL_UK-Birmingham_3_SOLO4_1000,No
B-QBSH2TPQL,T-112PTXCXS,11347S8BS,,PLANNED,DNG1->BHX1,,11/22/2022 7:24,FALSE,ADULL,ATSUK,ATS_Round-Trip,FleetManagementEquipmentRepositioning,Detached Trailer,,0,APPROVED,,,DNG1,11/22/2022 5:15,11/22/2022 5:46,BHX1,11/22/2022 7:22,,,,,,,,,,,,,,,,,,,,,,,,,,11/20/2022 3:02,,SINGLE_DRIVER,ADULL_UK-Birmingham_3_SOLO4_1000,No
,113S4BN41,113S4BN41,,PLANNED,EMA1->DNG2->DBI4,AMZL-DNG2-DBI4-ND,11/22/2022 1:30,FALSE,ADULL,,,ATSOutbound,Detached Trailer,,300.59 GBP,APPROVED,,,EMA1,11/21/2022 21:15,11/21/2022 22:45,DNG2,11/21/2022 23:00,11/22/2022 0:30,DBI4,11/22/2022 3:00,,,,,,,,,,,,,,,,,,,,,,,11/16/2022 13:42,,SINGLE_DRIVER,,No
,112K8HRZ9,112K8HRZ9,,PLANNED,XUKO->DNG1->DPE2,AMZL-DNG1-DPE2-ND,11/21/2022 22:30,TRUE,ADULL,,,ATSOutbound,Detached Trailer,,364.69 GBP,APPROVED,,,XUKO,11/21/2022 21:30,11/21/2022 23:00,DNG1,11/21/2022 23:45,11/22/2022 1:15,DPE2,11/22/2022 2:38,,,,,,,,,,,,,,,,,,,,,,,11/16/2022 13:43,,SINGLE_DRIVER,,No
,1161DZRFC,1161DZRFC,,PLANNED,BHX2->DRM2,AMZL-DRM2-ND,11/21/2022 23:00,TRUE,ADULL,,,ATSOutbound,Drop Trailer,,425.00 GBP,APPROVED,,,BHX2,11/21/2022 22:30,11/21/2022 23:30,DRM2,11/22/2022 2:45,,,,,,,,,,,,,,,,,,,,,,,,,,11/15/2022 11:02,,SINGLE_DRIVER,,No
,1149LD7MF,1149LD7MF,,PLANNED,EMA2->DBI5,AMZL-DBI5-ND,11/22/2022 1:00,FALSE,ADULL,,,ATSOutbound,Detached Trailer,,270.00 GBP,APPROVED,,,EMA2,11/21/2022 23:30,11/22/2022 0:30,DBI5,11/22/2022 2:00,,,,,,,,,,,,,,,,,,,,,,,,,,11/15/2022 11:03,,SINGLE_DRIVER,,No
,114WLYYMN,114WLYYMN,,PLANNED,EMA1->DNG2->DBI4,AMZL-DNG2-DBI4-ND,11/22/2022 1:30,TRUE,ADULL,,,ATSOutbound,Detached Trailer,,300.59 GBP,APPROVED,,,EMA1,11/22/2022 0:30,11/22/2022 2:00,DNG2,11/22/2022 2:15,11/22/2022 3:45,DBI4,11/22/2022 5:15,,,,,,,,,,,,,,,,,,,,,,,11/16/2022 13:44,,SINGLE_DRIVER,,No
,115XHPF7F,115XHPF7F,,PLANNED,EMA1->DNN1,AMZL-DNN1-ND,11/22/2022 4:30,TRUE,ADULL,,,ATSOutbound,Detached Trailer,,255.00 GBP,APPROVED,,,EMA1,11/22/2022 4:00,11/22/2022 5:00,DNN1,11/22/2022 6:30,,,,,,,,,,,,,,,,,,,,,,,,,,11/15/2022 11:04,,SINGLE_DRIVER,,No
B-76WTQ27N4,,,FALSE,,DAVENTRY->DAVENTRY,,,FALSE,,,,,53' Trailer,,1380,,,,BHX3,11/22/2022 9:42,,BHX3,,11/27/2022 9:42,,,,,,,,,,,,,,,,,,,,,,,,,,,,,No
B-WPKKD0TR0,,,FALSE,,DERBY->DERBY,,,FALSE,,,,,53' Trailer,,1445,,,,EMA1,11/22/2022 15:19,,EMA1,,11/27/2022 15:19,,,,,,,,,,,,,,,,,,,,,,,,,,,,,No
,113N4WGHF,113N4WGHF,,PLANNED,XUKP->DWN2->DPR1,AMZL-DWN2-DPR1-ND,11/22/2022 18:00,TRUE,ADULL,,,ATSOutbound,Detached Trailer,,306.56 GBP,APPROVED,,,XUKP,11/22/2022 17:00,11/22/2022 18:30,DWN2,11/22/2022 19:30,11/22/2022 21:00,DPR1,11/22/2022 21:43,,,,,,,,,,,,,,,,,,,,,,,11/16/2022 13:43,,SINGLE_DRIVER,,No
,1154GZQ1J,1154GZQ1J,,PLANNED,DBH3->DPO2->DSO2->DRG2->STN8,RELO-STN8,11/22/2022 18:00,TRUE,ADULL,,Do Not Cancel Boomerang Project,ATSReturns,Detached Trailer,,638.33 GBP,APPROVED,,,DBH3,11/22/2022 17:00,11/22/2022 18:30,DPO2,11/22/2022 19:45,11/22/2022 21:15,DSO2,11/22/2022 22:15,11/22/2022 23:45,DRG2,11/23/2022 1:15,11/23/2022 2:45,STN8,11/23/2022 11:30,,,,,,,,,,,,,,,,,11/16/2022 16:56,,SINGLE_DRIVER,,No
,114B74TD9,114B74TD9,,PLANNED,BHX7->DNG1->DST1,AMZL-DNG1-DST1-ND,11/22/2022 21:00,TRUE,ADULL,,,ATSOutbound,Detached Trailer,,314.92 GBP,APPROVED,,,BHX7,11/22/2022 20:00,11/22/2022 21:30,DNG1,11/22/2022 22:15,11/22/2022 23:45,DST1,11/23/2022 1:15,,,,,,,,,,,,,,,,,,,,,,,11/16/2022 13:43,,SINGLE_DRIVER,,No
,11252VWPS,11252VWPS,,PLANNED,XUKO->DNG1->DPE2,AMZL-DNG1-DPE2-ND,11/22/2022 22:30,TRUE,ADULL,,,ATSOutbound,Detached Trailer,,364.69 GBP,APPROVED,,,XUKO,11/22/2022 21:30,11/22/2022 23:00,DNG1,11/22/2022 23:45,11/23/2022 1:15,DPE2,11/23/2022 2:38,,,,,,,,,,,,,,,,,,,,,,,11/16/2022 13:43,,SINGLE_DRIVER,,No
B-DH29DB58J,,,FALSE,,DAVENTRY->DAVENTRY,,,FALSE,,,,,53' Trailer,,1404,,,,BHX3,11/22/2022 21:45,,BHX3,,11/27/2022 21:45,,,,,,,,,,,,,,,,,,,,,,,,,,,,,No
B-62ZQMLGWL,,,FALSE,,Keynsham->Keynsham,,,FALSE,,,,,53' Trailer,,1950,,,,SHRT-BRS1-1,11/22/2022 22:00,,SHRT-BRS1-1,,11/27/2022 22:00,,,,,,,,,,,,,,,,,,,,,,,,,,,,,No
,115CNCZSK,115CNCZSK,,PLANNED,BHX2->DRM2,AMZL-DRM2-ND,11/22/2022 23:00,TRUE,ADULL,,,ATSOutbound,Drop Trailer,,425.00 GBP,APPROVED,,,BHX2,11/22/2022 22:30,11/22/2022 23:30,DRM2,11/23/2022 2:45,,,,,,,,,,,,,,,,,,,,,,,,,,11/15/2022 11:02,,SINGLE_DRIVER,,No
,113ZX9M4C,113ZX9M4C,,PLANNED,EMA1->DNG2->DBI4,AMZL-DNG2-DBI4-ND,11/23/2022 1:30,TRUE,ADULL,,,ATSOutbound,Detached Trailer,,300.59 GBP,APPROVED,,,EMA1,11/23/2022 0:30,11/23/2022 2:00,DNG2,11/23/2022 2:15,11/23/2022 3:45,DBI4,11/23/2022 5:15,,,,,,,,,,,,,,,,,,,,,,,11/16/2022 13:42,,SINGLE_DRIVER,,No
,115Q87BRQ,115Q87BRQ,,PLANNED,BHX1->DOX2,AMZL-DOX2-ND,11/23/2022 4:15,TRUE,ADULL,,,ATSOutbound,Detached Trailer,,250.00 GBP,APPROVED,,,BHX1,11/23/2022 3:30,11/23/2022 4:30,DOX2,11/23/2022 6:15,,,,,,,,,,,,,,,,,,,,,,,,,,11/15/2022 11:33,,SINGLE_DRIVER,,No
,116KD15XY,116KD15XY,,PLANNED,EMA1->DNN1,AMZL-DNN1-ND,11/23/2022 4:30,TRUE,ADULL,,,ATSOutbound,Detached Trailer,,255.00 GBP,APPROVED,,,EMA1,11/23/2022 4:00,11/23/2022 5:00,DNN1,11/23/2022 6:30,,,,,,,,,,,,,,,,,,,,,,,,,,11/15/2022 11:02,,SINGLE_DRIVER,,No
B-6R8BHHLJF,,,FALSE,,Ellistown->Ellistown,,,FALSE,,,,,53' Trailer,,1381,,,,BHX2,11/23/2022 4:35,,BHX2,,11/28/2022 4:35,,,,,,,,,,,,,,,,,,,,,,,,,,,,,No
B-WWTZWTNR5,,,FALSE,,DERBY->DERBY,,,FALSE,,,,,53' Trailer,,1386,,,,EMA1,11/23/2022 10:45,,EMA1,,11/28/2022 10:45,,,,,,,,,,,,,,,,,,,,,,,,,,,,,No
,115XXDXH6,115XXDXH6,,PLANNED,XUKP->DWN2->DPR1,AMZL-DWN2-DPR1-ND,11/23/2022 18:00,FALSE,ADULL,,,ATSOutbound,Detached Trailer,,306.56 GBP,APPROVED,,,XUKP,11/23/2022 11:00,11/23/2022 12:30,DWN2,11/23/2022 13:30,11/23/2022 15:00,DPR1,11/23/2022 15:43,,,,,,,,,,,,,,,,,,,,,,,11/16/2022 13:42,,SINGLE_DRIVER,,No
B-20FRK2J85,,,FALSE,,Keynsham->Keynsham,,,FALSE,,,,,53' Trailer,,1950,,,,SHRT-BRS1-1,11/23/2022 13:45,,SHRT-BRS1-1,,11/28/2022 13:45,,,,,,,,,,,,,,,,,,,,,,,,,,,,,No
B-4FWZ6DQ5F,,,FALSE,,BRISTOL->BRISTOL,,,FALSE,,,,,53' Trailer,,1950,,,,BRS1,11/23/2022 13:45,,BRS1,,11/28/2022 13:45,,,,,,,,,,,,,,,,,,,,,,,,,,,,,No
B-9Q67DJ32B,,,FALSE,,Keynsham->Keynsham,,,FALSE,,,,,53' Trailer,,1950,,,,SHRT-BRS1-1,11/23/2022 13:45,,SHRT-BRS1-1,,11/28/2022 13:45,,,,,,,,,,,,,,,,,,,,,,,,,,,,,No
B-P1X7WJL0J,,,FALSE,,BRISTOL->BRISTOL,,,FALSE,,,,,53' Trailer,,1950,,,,BRS1,11/23/2022 16:30,,BRS1,,11/28/2022 16:30,,,,,,,,,,,,,,,,,,,,,,,,,,,,,No
,114NB9P1R,114NB9P1R,,PLANNED,XUKP->DWN2->DPR1,AMZL-DWN2-DPR1-ND,11/23/2022 18:00,TRUE,ADULL,,,ATSOutbound,Detached Trailer,,306.56 GBP,APPROVED,,,XUKP,11/23/2022 17:00,11/23/2022 18:30,DWN2,11/23/2022 19:30,11/23/2022 21:00,DPR1,11/23/2022 21:43,,,,,,,,,,,,,,,,,,,,,,,11/16/2022 13:42,,SINGLE_DRIVER,,No
,114ZHQMWV,114ZHQMWV,,PLANNED,BHX7->DNG1->DST1,AMZL-DNG1-DST1-ND,11/23/2022 21:00,TRUE,ADULL,,,ATSOutbound,Detached Trailer,,314.92 GBP,APPROVED,,,BHX7,11/23/2022 20:00,11/23/2022 21:30,DNG1,11/23/2022 22:15,11/23/2022 23:45,DST1,11/24/2022 1:15,,,,,,,,,,,,,,,,,,,,,,,11/16/2022 13:43,,SINGLE_DRIVER,,No
,113JJDYD6,113JJDYD6,,PLANNED,XUKO->DNG1->DPE2,AMZL-DNG1-DPE2-ND,11/23/2022 22:30,FALSE,ADULL,,,ATSOutbound,Detached Trailer,,364.69 GBP,APPROVED,,,XUKO,11/23/2022 20:00,11/23/2022 21:30,DNG1,11/23/2022 22:15,11/23/2022 23:45,DPE2,11/24/2022 1:08,,,,,,,,,,,,,,,,,,,,,,,11/16/2022 13:42,,SINGLE_DRIVER,,No
B-XQJTQHXCJ,,,FALSE,,RUGELEY->RUGELEY,,,FALSE,,,,,53' Trailer,,241,,,,BHX1,11/23/2022 20:00,,BHX1,,11/24/2022 8:00,,,,,,,,,,,,,,,,,,,,,,,,,,,,,No
B-HNL8S8DJ8,,,FALSE,,BRISTOL->BRISTOL,,,FALSE,,,,,53' Trailer,,1950,,,,BRS1,11/23/2022 20:44,,BRS1,,11/28/2022 20:44,,,,,,,,,,,,,,,,,,,,,,,,,,,,,No
,113T7YJS7,113T7YJS7,,PLANNED,EMA1->DNG2->DBI4,AMZL-DNG2-DBI4-ND,11/24/2022 1:30,FALSE,ADULL,,,ATSOutbound,Detached Trailer,,300.59 GBP,APPROVED,,,EMA1,11/23/2022 21:15,11/23/2022 22:45,DNG2,11/23/2022 23:00,11/24/2022 0:30,DBI4,11/24/2022 3:00,,,,,,,,,,,,,,,,,,,,,,,11/16/2022 13:43,,SINGLE_DRIVER,,No
,1121ZZVJJ,1121ZZVJJ,,PLANNED,XUKO->DNG1->DPE2,AMZL-DNG1-DPE2-ND,11/23/2022 22:30,TRUE,ADULL,,,ATSOutbound,Detached Trailer,,364.69 GBP,APPROVED,,,XUKO,11/23/2022 21:30,11/23/2022 23:00,DNG1,11/23/2022 23:45,11/24/2022 1:15,DPE2,11/24/2022 2:38,,,,,,,,,,,,,,,,,,,,,,,11/16/2022 13:43,,SINGLE_DRIVER,,No
B-HQK5GMD12,,,FALSE,,DAVENTRY->DAVENTRY,,,FALSE,,,,,53' Trailer,,1404,,,,BHX3,11/23/2022 21:45,,BHX3,,11/28/2022 21:45,,,,,,,,,,,,,,,,,,,,,,,,,,,,,No
B-PPDXTXRFJ,,,FALSE,,BIRMINGHAM->BIRMINGHAM,,,FALSE,,,,,53' Trailer,,1377,,,,YBHX,11/23/2022 21:51,,YBHX,,11/28/2022 21:51,,,,,,,,,,,,,,,,,,,,,,,,,,,,,No
B-XCH0C49QV,,,FALSE,,BIRMINGHAM->BIRMINGHAM,,,FALSE,,,,,53' Trailer,,1377,,,,YBHX,11/23/2022 22:14,,YBHX,,11/28/2022 22:14,,,,,,,,,,,,,,,,,,,,,,,,,,,,,No
,111WM7JG1,111WM7JG1,,PLANNED,BHX2->DRM2,AMZL-DRM2-ND,11/23/2022 23:00,TRUE,ADULL,,,ATSOutbound,Drop Trailer,,425.00 GBP,APPROVED,,,BHX2,11/23/2022 22:30,11/23/2022 23:30,DRM2,11/24/2022 2:45,,,,,,,,,,,,,,,,,,,,,,,,,,11/15/2022 11:02,,SINGLE_DRIVER,,No
B-ZW9TF7DBR,,,FALSE,,BIRMINGHAM->BIRMINGHAM,,,FALSE,,,,,53' Trailer,,1377,,,,YBHX,11/23/2022 23:33,,YBHX,,11/28/2022 23:33,,,,,,,,,,,,,,,,,,,,,,,,,,,,,No
B-Q5QMKW45F,,,FALSE,,BIRMINGHAM->BIRMINGHAM,,,FALSE,,,,,53' Trailer,,1377,,,,YBHX,11/23/2022 23:44,,YBHX,,11/28/2022 23:44,,,,,,,,,,,,,,,,,,,,,,,,,,,,,No
B-P3BC35G4X,,,FALSE,,RUGELEY->RUGELEY,,,FALSE,,,,,53' Trailer,,1381,,,,BHX1,11/23/2022 23:51,,BHX1,,11/28/2022 23:51,,,,,,,,,,,,,,,,,,,,,,,,,,,,,No
,111BQ5WVB,111BQ5WVB,,PLANNED,EMA1->DNG2->DBI4,AMZL-DNG2-DBI4-ND,11/24/2022 1:30,TRUE,ADULL,,,ATSOutbound,Detached Trailer,,300.59 GBP,APPROVED,,,EMA1,11/24/2022 0:30,11/24/2022 2:00,DNG2,11/24/2022 2:15,11/24/2022 3:45,DBI4,11/24/2022 5:15,,,,,,,,,,,,,,,,,,,,,,,11/16/2022 13:43,,SINGLE_DRIVER,,No
B-TNH76DJ23,,,FALSE,,BIRMINGHAM->BIRMINGHAM,,,FALSE,,,,,53' Trailer,,1377,,,,YBHX,11/24/2022 1:00,,YBHX,,11/29/2022 1:00,,,,,,,,,,,,,,,,,,,,,,,,,,,,,No
B-HGJSJNFFH,,,FALSE,,DAVENTRY->DAVENTRY,,,FALSE,,,,,53' Trailer,,1435,,,,BHX3,11/24/2022 1:24,,BHX3,,11/29/2022 1:24,,,,,,,,,,,,,,,,,,,,,,,,,,,,,No
B-7FR3C7H9Z,,,FALSE,,Bardon->Bardon,,,FALSE,,,,,53' Trailer,,1381,,,,SNG1,11/24/2022 2:11,,SNG1,,11/29/2022 2:11,,,,,,,,,,,,,,,,,,,,,,,,,,,,,No
,112XVSZGK,112XVSZGK,,PLANNED,EMA1->DNN1,AMZL-DNN1-ND,11/24/2022 4:30,TRUE,ADULL,,,ATSOutbound,Detached Trailer,,255.00 GBP,APPROVED,,,EMA1,11/24/2022 4:00,11/24/2022 5:00,DNN1,11/24/2022 6:30,,,,,,,,,,,,,,,,,,,,,,,,,,11/15/2022 11:02,,SINGLE_DRIVER,,No
B-SJRPZR3VH,,,FALSE,,DERBY->DERBY,,,FALSE,,,,,53' Trailer,,1386,,,,EMA1,11/24/2022 11:12,,EMA1,,11/29/2022 11:12,,,,,,,,,,,,,,,,,,,,,,,,,,,,,No
B-W9H4N5WGQ,,,FALSE,,RUGELEY->RUGELEY,,,FALSE,,,,,53' Trailer,,1381,,,,BHX1,11/24/2022 15:06,,BHX1,,11/29/2022 15:06,,,,,,,,,,,,,,,,,,,,,,,,,,,,,No
B-V57NCXR3C,,,FALSE,,DERBY->DERBY,,,FALSE,,,,,53' Trailer,,1386,,,,EMA1,11/24/2022 15:30,,EMA1,,11/29/2022 15:30,,,,,,,,,,,,,,,,,,,,,,,,,,,,,No
B-4JCQHLFD1,,,FALSE,,Ellistown->Ellistown,,,FALSE,,,,,53' Trailer,,1381,,,,BHX2,11/24/2022 16:45,,BHX2,,11/29/2022 16:45,,,,,,,,,,,,,,,,,,,,,,,,,,,,,No
,114138JKJ,114138JKJ,,PLANNED,DBH3->DPO2->DSO2->DRG2->STN8,RELO-STN8,11/24/2022 18:00,TRUE,ADULL,,Do Not Cancel Boomerang Project,ATSReturns,Detached Trailer,,638.33 GBP,APPROVED,,,DBH3,11/24/2022 17:00,11/24/2022 18:30,DPO2,11/24/2022 19:45,11/24/2022 21:15,DSO2,11/24/2022 22:15,11/24/2022 23:45,DRG2,11/25/2022 1:15,11/25/2022 2:45,STN8,11/25/2022 11:30,,,,,,,,,,,,,,,,,11/16/2022 16:55,,SINGLE_DRIVER,,No
,114QHGXFJ,114QHGXFJ,,PLANNED,XUKP->DWN2->DPR1,AMZL-DWN2-DPR1-ND,11/24/2022 18:00,TRUE,ADULL,,,ATSOutbound,Detached Trailer,,306.56 GBP,APPROVED,,,XUKP,11/24/2022 17:00,11/24/2022 18:30,DWN2,11/24/2022 19:30,11/24/2022 21:00,DPR1,11/24/2022 21:43,,,,,,,,,,,,,,,,,,,,,,,11/16/2022 13:43,,SINGLE_DRIVER,,No
B-NTZ5VDTZW,,,FALSE,,Bardon->Bardon,,,FALSE,,,,,53' Trailer,,1381,,,,SNG1,11/24/2022 18:02,,SNG1,,11/29/2022 18:02,,,,,,,,,,,,,,,,,,,,,,,,,,,,,No
,1162XT8Y6,1162XT8Y6,,PLANNED,XUKO->DNG1->DPE2,AMZL-DNG1-DPE2-ND,11/24/2022 22:30,FALSE,ADULL,,,ATSOutbound,Detached Trailer,,364.69 GBP,APPROVED,,,XUKO,11/24/2022 19:00,11/24/2022 20:30,DNG1,11/24/2022 21:15,11/24/2022 22:45,DPE2,11/25/2022 0:08,,,,,,,,,,,,,,,,,,,,,,,11/16/2022 13:43,,SINGLE_DRIVER,,No
,115VRV5H4,115VRV5H4,,PLANNED,BHX7->DNG1->DST1,AMZL-DNG1-DST1-ND,11/24/2022 21:00,TRUE,ADULL,,,ATSOutbound,Detached Trailer,,314.92 GBP,APPROVED,,,BHX7,11/24/2022 20:00,11/24/2022 21:30,DNG1,11/24/2022 22:15,11/24/2022 23:45,DST1,11/25/2022 1:15,,,,,,,,,,,,,,,,,,,,,,,11/16/2022 13:43,,SINGLE_DRIVER,,No
,113XHR95X,113XHR95X,,PLANNED,XUKO->DNG1->DPE2,AMZL-DNG1-DPE2-ND,11/24/2022 22:30,TRUE,ADULL,,,ATSOutbound,Detached Trailer,,364.69 GBP,APPROVED,,,XUKO,11/24/2022 21:30,11/24/2022 23:00,DNG1,11/24/2022 23:45,11/25/2022 1:15,DPE2,11/25/2022 2:38,,,,,,,,,,,,,,,,,,,,,,,11/16/2022 13:42,,SINGLE_DRIVER,,No
,1111NJSFY,1111NJSFY,,PLANNED,EMA1->DNG2->DBI4,AMZL-DNG2-DBI4-ND,11/25/2022 1:30,FALSE,ADULL,,,ATSOutbound,Detached Trailer,,300.59 GBP,APPROVED,,,EMA1,11/24/2022 22:00,11/24/2022 23:30,DNG2,11/24/2022 23:45,11/25/2022 1:15,DBI4,11/25/2022 3:00,,,,,,,,,,,,,,,,,,,,,,,11/16/2022 13:42,,SINGLE_DRIVER,,No
,115D3SX2Q,115D3SX2Q,,PLANNED,BHX2->DRM2,AMZL-DRM2-ND,11/24/2022 23:00,TRUE,ADULL,,,ATSOutbound,Drop Trailer,,425.00 GBP,APPROVED,,,BHX2,11/24/2022 22:30,11/24/2022 23:30,DRM2,11/25/2022 2:45,,,,,,,,,,,,,,,,,,,,,,,,,,11/15/2022 11:03,,SINGLE_DRIVER,,No
,115W9Q48Q,115W9Q48Q,,PLANNED,EMA1->DNG2->DBI4,AMZL-DNG2-DBI4-ND,11/25/2022 1:30,TRUE,ADULL,,,ATSOutbound,Detached Trailer,,300.59 GBP,APPROVED,,,EMA1,11/25/2022 0:30,11/25/2022 2:00,DNG2,11/25/2022 2:15,11/25/2022 3:45,DBI4,11/25/2022 5:15,,,,,,,,,,,,,,,,,,,,,,,11/16/2022 13:44,,SINGLE_DRIVER,,No
B-9BG6CCG22,,,FALSE,,Keynsham->Keynsham,,,FALSE,,,,,53' Trailer,,1560,,,,SHRT-BRS1-1,11/25/2022 0:45,,SHRT-BRS1-1,,11/29/2022 0:45,,,,,,,,,,,,,,,,,,,,,,,,,,,,,No
B-H6JDHNQ95,,,FALSE,,RUGELEY->RUGELEY,,,FALSE,,,,,53' Trailer,,1381,,,,BHX1,11/25/2022 3:11,,BHX1,,11/30/2022 3:11,,,,,,,,,,,,,,,,,,,,,,,,,,,,,No
,115GLYW1B,115GLYW1B,,PLANNED,BHX1->DOX2,AMZL-DOX2-ND,11/25/2022 4:15,TRUE,ADULL,,,ATSOutbound,Detached Trailer,,250.00 GBP,APPROVED,,,BHX1,11/25/2022 3:45,11/25/2022 4:45,DOX2,11/25/2022 6:30,,,,,,,,,,,,,,,,,,,,,,,,,,11/15/2022 11:34,,SINGLE_DRIVER,,No
,115S8VF2C,115S8VF2C,,PLANNED,EMA1->DNN1,AMZL-DNN1-ND,11/25/2022 4:30,TRUE,ADULL,,,ATSOutbound,Detached Trailer,,255.00 GBP,APPROVED,,,EMA1,11/25/2022 4:00,11/25/2022 5:00,DNN1,11/25/2022 6:30,,,,,,,,,,,,,,,,,,,,,,,,,,11/15/2022 11:03,,SINGLE_DRIVER,,No
,112HWM2H4,112HWM2H4,,PLANNED,XUKP->DWN2->DPR1,AMZL-DWN2-DPR1-ND,11/25/2022 18:00,FALSE,ADULL,,,ATSOutbound,Detached Trailer,,306.56 GBP,APPROVED,,,XUKP,11/25/2022 10:00,11/25/2022 11:30,DWN2,11/25/2022 12:30,11/25/2022 14:00,DPR1,11/25/2022 14:43,,,,,,,,,,,,,,,,,,,,,,,11/16/2022 13:42,,SINGLE_DRIVER,,No
,111S74HST,111S74HST,,PLANNED,XUKP->DWN2->DPR1,AMZL-DWN2-DPR1-ND,11/25/2022 18:00,TRUE,ADULL,,,ATSOutbound,Detached Trailer,,306.56 GBP,APPROVED,,,XUKP,11/25/2022 17:00,11/25/2022 18:30,DWN2,11/25/2022 19:30,11/25/2022 21:00,DPR1,11/25/2022 21:43,,,,,,,,,,,,,,,,,,,,,,,11/16/2022 13:43,,SINGLE_DRIVER,,No
,1133J3XP5,1133J3XP5,,PLANNED,DBH3->DPO2->DSO2->DRG2->STN8,RELO-STN8,11/25/2022 18:00,TRUE,ADULL,,Do Not Cancel Boomerang Project,ATSReturns,Detached Trailer,,638.33 GBP,APPROVED,,,DBH3,11/25/2022 17:00,11/25/2022 18:30,DPO2,11/25/2022 19:45,11/25/2022 21:15,DSO2,11/25/2022 22:15,11/25/2022 23:45,DRG2,11/26/2022 1:15,11/26/2022 2:45,STN8,11/26/2022 11:30,,,,,,,,,,,,,,,,,11/16/2022 16:56,,SINGLE_DRIVER,,No
,116RX7YVJ,116RX7YVJ,,PLANNED,XUKO->DNG1->DPE2,AMZL-DNG1-DPE2-ND,11/25/2022 22:30,FALSE,ADULL,,,ATSOutbound,Detached Trailer,,364.69 GBP,APPROVED,,,XUKO,11/25/2022 19:00,11/25/2022 20:30,DNG1,11/25/2022 21:15,11/25/2022 22:45,DPE2,11/26/2022 0:08,,,,,,,,,,,,,,,,,,,,,,,11/16/2022 13:44,,SINGLE_DRIVER,,No
,114P2LX8H,114P2LX8H,,PLANNED,EMA1->DNG2->DBI4,AMZL-DNG2-DBI4-ND,11/26/2022 1:30,FALSE,ADULL,,,ATSOutbound,Detached Trailer,,300.59 GBP,APPROVED,,,EMA1,11/25/2022 20:00,11/25/2022 21:30,DNG2,11/25/2022 21:45,11/25/2022 23:15,DBI4,11/26/2022 3:00,,,,,,,,,,,,,,,,,,,,,,,11/16/2022 13:43,,SINGLE_DRIVER,,No
,113TGS87S,113TGS87S,,PLANNED,BHX7->DNG1->DST1,AMZL-DNG1-DST1-ND,11/25/2022 21:00,TRUE,ADULL,,,ATSOutbound,Detached Trailer,,314.92 GBP,APPROVED,,,BHX7,11/25/2022 20:00,11/25/2022 21:30,DNG1,11/25/2022 22:15,11/25/2022 23:45,DST1,11/26/2022 1:15,,,,,,,,,,,,,,,,,,,,,,,11/16/2022 13:42,,SINGLE_DRIVER,,No
B-MNQR9TGNK,,,FALSE,,RUGELEY->RUGELEY,,,FALSE,,,,,53' Trailer,,241,,,,BHX1,11/25/2022 20:00,,BHX1,,11/26/2022 8:00,,,,,,,,,,,,,,,,,,,,,,,,,,,,,No
,113RVQ2YP,113RVQ2YP,,PLANNED,XUKO->DNG1->DPE2,AMZL-DNG1-DPE2-ND,11/25/2022 22:30,TRUE,ADULL,,,ATSOutbound,Detached Trailer,,364.69 GBP,APPROVED,,,XUKO,11/25/2022 21:30,11/25/2022 23:00,DNG1,11/25/2022 23:45,11/26/2022 1:15,DPE2,11/26/2022 2:38,,,,,,,,,,,,,,,,,,,,,,,11/16/2022 13:43,,SINGLE_DRIVER,,No
,1161JLYZL,1161JLYZL,,PLANNED,BHX2->DRM2,AMZL-DRM2-ND,11/25/2022 23:00,TRUE,ADULL,,,ATSOutbound,Drop Trailer,,425.00 GBP,APPROVED,,,BHX2,11/25/2022 22:30,11/25/2022 23:30,DRM2,11/26/2022 2:45,,,,,,,,,,,,,,,,,,,,,,,,,,11/15/2022 11:04,,SINGLE_DRIVER,,No
,113H7SDP1,113H7SDP1,,PLANNED,EMA1->DNG2->DBI4,AMZL-DNG2-DBI4-ND,11/26/2022 1:30,TRUE,ADULL,,,ATSOutbound,Detached Trailer,,300.59 GBP,APPROVED,,,EMA1,11/26/2022 0:30,11/26/2022 2:00,DNG2,11/26/2022 2:15,11/26/2022 3:45,DBI4,11/26/2022 5:15,,,,,,,,,,,,,,,,,,,,,,,11/16/2022 13:42,,SINGLE_DRIVER,,No
,1156XSFQ6,1156XSFQ6,,PLANNED,BHX1->DOX2,AMZL-DOX2-ND,11/26/2022 4:15,TRUE,ADULL,,,ATSOutbound,Detached Trailer,,250.00 GBP,APPROVED,,,BHX1,11/26/2022 3:45,11/26/2022 4:45,DOX2,11/26/2022 6:30,,,,,,,,,,,,,,,,,,,,,,,,,,11/15/2022 11:32,,SINGLE_DRIVER,,No
,1147L1D9K,1147L1D9K,,PLANNED,EMA1->DNN1,AMZL-DNN1-ND,11/26/2022 4:30,TRUE,ADULL,,,ATSOutbound,Detached Trailer,,255.00 GBP,APPROVED,,,EMA1,11/26/2022 4:00,11/26/2022 5:00,DNN1,11/26/2022 6:30,,,,,,,,,,,,,,,,,,,,,,,,,,11/15/2022 11:03,,SINGLE_DRIVER,,No
,115BC3K63,115BC3K63,,PLANNED,XUKP->DPE2,AMZL-DPE2-ND,11/26/2022 11:00,TRUE,ADULL,,,ATSOutbound,Detached Trailer,,275.00 GBP,APPROVED,,,XUKP,11/26/2022 10:30,11/26/2022 11:30,DPE2,11/26/2022 15:30,,,,,,,,,,,,,,,,,,,,,,,,,,11/15/2022 12:03,,SINGLE_DRIVER,,No
,113XN3C9G,113XN3C9G,,PLANNED,XUKP->DWN2->DPR1,AMZL-DWN2-DPR1-ND,11/26/2022 18:00,TRUE,ADULL,,,ATSOutbound,Detached Trailer,,306.56 GBP,APPROVED,,,XUKP,11/26/2022 17:00,11/26/2022 18:30,DWN2,11/26/2022 19:30,11/26/2022 21:00,DPR1,11/26/2022 21:43,,,,,,,,,,,,,,,,,,,,,,,11/16/2022 13:42,,SINGLE_DRIVER,,No
,1142HK763,1142HK763,,PLANNED,XUKO->DNG1->DPE2,AMZL-DNG1-DPE2-ND,11/26/2022 22:30,FALSE,ADULL,,,ATSOutbound,Detached Trailer,,364.69 GBP,APPROVED,,,XUKO,11/26/2022 19:00,11/26/2022 20:30,DNG1,11/26/2022 21:15,11/26/2022 22:45,DPE2,11/27/2022 0:08,,,,,,,,,,,,,,,,,,,,,,,11/16/2022 13:43,,SINGLE_DRIVER,,No
,1169GR7YM,1169GR7YM,,PLANNED,BHX7->DNG1->DST1,AMZL-DNG1-DST1-ND,11/26/2022 21:00,FALSE,ADULL,,,ATSOutbound,Detached Trailer,,314.92 GBP,APPROVED,,,BHX7,11/26/2022 19:00,11/26/2022 20:30,DNG1,11/26/2022 21:15,11/26/2022 22:45,DST1,11/27/2022 0:15,,,,,,,,,,,,,,,,,,,,,,,11/16/2022 13:42,,SINGLE_DRIVER,,No
,113WQ3CVG,113WQ3CVG,,PLANNED,BHX7->DNG1->DST1,AMZL-DNG1-DST1-ND,11/26/2022 21:00,TRUE,ADULL,,,ATSOutbound,Detached Trailer,,314.92 GBP,APPROVED,,,BHX7,11/26/2022 20:00,11/26/2022 21:30,DNG1,11/26/2022 22:15,11/26/2022 23:45,DST1,11/27/2022 1:15,,,,,,,,,,,,,,,,,,,,,,,11/16/2022 13:42,,SINGLE_DRIVER,,No
B-KSNP7QCVQ,,,FALSE,,RUGELEY->RUGELEY,,,FALSE,,,,,53' Trailer,,241,,,,BHX1,11/26/2022 20:00,,BHX1,,11/27/2022 8:00,,,,,,,,,,,,,,,,,,,,,,,,,,,,,No
,1134YVYK7,1134YVYK7,,PLANNED,XUKO->DNG1->DPE2,AMZL-DNG1-DPE2-ND,11/26/2022 22:30,TRUE,ADULL,,,ATSOutbound,Detached Trailer,,364.69 GBP,APPROVED,,,XUKO,11/26/2022 21:30,11/26/2022 23:00,DNG1,11/26/2022 23:45,11/27/2022 1:15,DPE2,11/27/2022 2:38,,,,,,,,,,,,,,,,,,,,,,,11/16/2022 13:44,,SINGLE_DRIVER,,No
,116362741,116362741,,PLANNED,BHX2->DRM2,AMZL-DRM2-ND,11/26/2022 23:00,TRUE,ADULL,,,ATSOutbound,Drop Trailer,,425.00 GBP,APPROVED,,,BHX2,11/26/2022 22:30,11/26/2022 23:30,DRM2,11/27/2022 2:45,,,,,,,,,,,,,,,,,,,,,,,,,,11/15/2022 11:02,,SINGLE_DRIVER,,No
,112FVMKFG,112FVMKFG,,PLANNED,EMA2->DBI5,AMZL-DBI5-ND,11/27/2022 1:00,FALSE,ADULL,,,ATSOutbound,Detached Trailer,,270.00 GBP,APPROVED,,,EMA2,11/26/2022 23:30,11/27/2022 0:30,DBI5,11/27/2022 2:00,,,,,,,,,,,,,,,,,,,,,,,,,,11/15/2022 11:02,,SINGLE_DRIVER,,No
,113B8TRVH,113B8TRVH,,PLANNED,EMA1->DNG2->DBI4,AMZL-DNG2-DBI4-ND,11/27/2022 1:30,TRUE,ADULL,,,ATSOutbound,Detached Trailer,,300.59 GBP,APPROVED,,,EMA1,11/27/2022 0:30,11/27/2022 2:00,DNG2,11/27/2022 2:15,11/27/2022 3:45,DBI4,11/27/2022 5:15,,,,,,,,,,,,,,,,,,,,,,,11/16/2022 13:43,,SINGLE_DRIVER,,No
,111FJPBP2,111FJPBP2,,PLANNED,XUKP->DWN2->DPR1,AMZL-DWN2-DPR1-ND,11/27/2022 18:00,TRUE,ADULL,,,ATSOutbound,Detached Trailer,,306.56 GBP,APPROVED,,,XUKP,11/27/2022 17:00,11/27/2022 18:30,DWN2,11/27/2022 19:30,11/27/2022 21:00,DPR1,11/27/2022 21:43,,,,,,,,,,,,,,,,,,,,,,,11/16/2022 13:43,,SINGLE_DRIVER,,No
,114ZJW3K2,114ZJW3K2,,PLANNED,XUKO->DNG1->DPE2,AMZL-DNG1-DPE2-ND,11/27/2022 22:30,FALSE,ADULL,,,ATSOutbound,Detached Trailer,,364.69 GBP,APPROVED,,,XUKO,11/27/2022 18:00,11/27/2022 19:30,DNG1,11/27/2022 20:15,11/27/2022 21:45,DPE2,11/27/2022 23:08,,,,,,,,,,,,,,,,,,,,,,,11/16/2022 13:43,,SINGLE_DRIVER,,No
,115SY8Y6Q,115SY8Y6Q,,PLANNED,BHX7->DNG1->DST1,AMZL-DNG1-DST1-ND,11/27/2022 21:00,FALSE,ADULL,,,ATSOutbound,Detached Trailer,,314.92 GBP,APPROVED,,,BHX7,11/27/2022 19:00,11/27/2022 20:30,DNG1,11/27/2022 21:15,11/27/2022 22:45,DST1,11/28/2022 0:15,,,,,,,,,,,,,,,,,,,,,,,11/16/2022 13:44,,SINGLE_DRIVER,,No
,116RSDQVW,116RSDQVW,,PLANNED,BHX7->DNG1->DST1,AMZL-DNG1-DST1-ND,11/27/2022 21:00,TRUE,ADULL,,,ATSOutbound,Detached Trailer,,314.92 GBP,APPROVED,,,BHX7,11/27/2022 20:00,11/27/2022 21:30,DNG1,11/27/2022 22:15,11/27/2022 23:45,DST1,11/28/2022 1:15,,,,,,,,,,,,,,,,,,,,,,,11/16/2022 13:43,,SINGLE_DRIVER,,No
,1119PMQHH,1119PMQHH,,PLANNED,XUKO->DNG1->DPE2,AMZL-DNG1-DPE2-ND,11/27/2022 22:30,TRUE,ADULL,,,ATSOutbound,Detached Trailer,,364.69 GBP,APPROVED,,,XUKO,11/27/2022 21:30,11/27/2022 23:00,DNG1,11/27/2022 23:45,11/28/2022 1:15,DPE2,11/28/2022 2:38,,,,,,,,,,,,,,,,,,,,,,,11/16/2022 13:43,,SINGLE_DRIVER,,No
